streamID,gaps,timestamp
0,1,1621714772344719138
0,1,1621714772396154359
0,1,1621714772454362341
1,1,1621714772497378315
1,2,1621714772497758305
1,3,1621714772497860682
1,4,1621714772498222234
1,5,1621714772498560032
1,6,1621714772498681513
1,7,1621714772498792455
1,8,1621714772498890958
1,9,1621714772498976674
1,9,1621714772507386053
1,8,1621714772508153497
1,7,1621714772508441162
1,6,1621714772508537009
1,5,1621714772508616209
1,4,1621714772508707887
1,3,1621714772508783817
1,2,1621714772508860550
1,1,1621714772508939345
1,1,1621714772528282094
1,1,1621714772529110116
1,1,1621714772529243920
1,1,1621714772529921028
1,1,1621714772530021683
1,1,1621714772530136045
1,1,1621714772530560482
1,1,1621714772530683853
1,1,1621714772530791943
1,1,1621714772530959734
1,1,1621714772531469004
1,1,1621714772531629503
1,1,1621714772531751023
1,1,1621714772531914315
1,1,1621714772532001176
1,1,1621714772532083320
1,1,1621714772532436222
1,1,1621714772533077387
1,1,1621714773972911531
1,1,1621714773973858202
1,1,1621714773973997125
1,1,1621714773974099330
1,1,1621714773974899587
1,1,1621714773975093235
1,1,1621714773975195398
1,1,1621714773975289417
1,1,1621714773975399801
1,1,1621714773983424590
1,1,1621714773984289739
1,1,1621714773984808441
1,1,1621714773984924128
1,1,1621714773985023441
1,1,1621714773985101198
1,1,1621714773985199949
1,1,1621714773985281170
1,1,1621714773985445571
1,1,1621714774004468820
1,1,1621714774004602725
1,1,1621714774005317298
1,1,1621714774005494489
1,1,1621714774005684096
1,1,1621714774005764706
1,1,1621714774005848928
1,1,1621714774005929432
1,1,1621714774006019355
1,1,1621714774006513479
1,1,1621714774007102684
1,1,1621714774007698451
1,1,1621714774007818297
1,1,1621714774007936648
1,1,1621714774008052091
1,1,1621714774008259453
1,1,1621714774008366496
1,1,1621714774008459524
1,1,1621714774008970644
1,1,1621714774034877646
1,1,1621714774035037083
1,1,1621714774035150347
1,1,1621714774035669131
1,2,1621714774036216429
1,2,1621714774036311988
1,2,1621714774036389428
1,2,1621714774036462042
1,2,1621714774037058758
1,2,1621714774037155893
1,2,1621714774037255172
1,2,1621714774037403744
1,2,1621714774037517832
1,2,1621714774037632925
1,2,1621714774037730276
1,2,1621714774037840033
1,2,1621714774037931726
1,2,1621714774038199653
1,2,1621714774038312735
1,2,1621714774038400605
1,2,1621714774038476531
1,2,1621714774039000585
1,2,1621714774039160964
1,2,1621714774039305914
1,2,1621714774039425939
1,2,1621714774039662999
1,2,1621714774039744249
1,2,1621714774039843293
1,2,1621714774040512159
1,2,1621714774040729177
1,2,1621714774041278720
1,1,1621714774041411034
1,1,1621714774042045472
1,1,1621714774042197683
1,1,1621714774042317741
1,1,1621714774042433484
1,1,1621714774042642840
1,1,1621714774042720739
1,1,1621714778459409210
1,1,1621714778460256782
1,1,1621714778460545113
1,1,1621714783749685104
1,1,1621714783749870223
1,1,1621714783750627271
1,1,1621714783750749011
1,1,1621714783751097497
1,1,1621714783751200639
1,1,1621714786959447515
1,1,1621714786960276546
1,1,1621714786960582233
1,1,1621714786960678227
1,1,1621714786960760803
1,1,1621714786960842794
1,1,1621714786960964120
1,1,1621714786961642736
1,1,1621714786961778672
1,1,1621714786970010728
1,1,1621714786970921001
1,1,1621714786971003655
1,1,1621714787916267113
1,1,1621714787916890262
1,1,1621714787917979164
1,1,1621714787918237607
1,1,1621714787918379238
1,1,1621714787918818335
1,1,1621714787918925199
1,1,1621714787919031044
1,1,1621714787919129209
1,1,1621714787926755431
1,1,1621714787926930289
1,1,1621714787927038532
1,1,1621714787927868547
1,1,1621714787928653158
1,1,1621714787929333909
1,1,1621714787929556544
1,1,1621714787929637652
1,1,1621714787929713519
1,1,1621714787947513915
1,1,1621714787947723954
1,1,1621714787947831132
1,1,1621714787948552055
1,1,1621714787949571744
1,1,1621714787949748141
1,1,1621714787949886758
1,1,1621714787950142529
1,1,1621714787950302058
1,1,1621714787950449861
1,1,1621714787950542979
1,1,1621714787950875371
1,1,1621714787951484750
1,1,1621714787951595798
1,1,1621714787951721852
1,1,1621714787951806794
1,1,1621714787951905342
1,1,1621714787952358816
1,1,1621714787952805450
1,1,1621714787977583565
1,1,1621714787977786725
1,1,1621714787977883387
1,1,1621714787977998694
1,1,1621714787978081400
1,1,1621714787978165833
1,2,1621714787978570838
1,2,1621714787978695245
1,2,1621714787979129643
1,2,1621714787979276564
1,2,1621714787979364271
1,2,1621714787980124357
1,2,1621714787980553760
1,2,1621714787980741470
1,2,1621714787981302256
1,2,1621714787981412985
1,2,1621714787981504480
1,2,1621714787981582784
1,2,1621714787981909023
1,2,1621714787982001818
1,1,1621714787982137022
1,1,1621714788619599887
1,1,1621714788620608298
1,1,1621714788621171364
1,1,1621714788621810276
1,1,1621714788622029812
1,1,1621714788622142739
1,1,1621714788622232752
1,1,1621714788622329668
1,1,1621714788622431032
1,1,1621714788630139213
1,1,1621714788630296677
1,1,1621714788630375372
1,1,1621714788630451534
1,1,1621714788630501162
1,1,1621714791184117494
1,1,1621714791184991588
1,1,1621714791185130532
1,1,1621714791185395912
1,1,1621714791185517189
1,1,1621714791185610446
1,1,1621714791185693091
1,1,1621714791185781181
1,1,1621714791186070083
1,1,1621714791194632142
1,1,1621714791195452802
1,1,1621714791195891613
1,1,1621714791196057695
1,1,1621714791196201405
1,1,1621714791196397873
1,1,1621714791196496645
1,1,1621714791196571814
1,1,1621714791196649859
1,1,1621714791215719979
1,1,1621714791215888657
1,1,1621714791215972103
1,1,1621714791216049998
1,1,1621714791216124838
1,1,1621714791216206505
1,1,1621714791216695195
1,1,1621714791217134671
1,1,1621714791217277303
1,1,1621714791217412632
1,1,1621714791217543383
1,1,1621714791217659250
1,1,1621714791217915527
1,1,1621714791218009483
1,1,1621714791218098873
1,1,1621714791218179890
1,1,1621714791218740453
1,1,1621714791219357210
1,1,1621714791219509124
1,1,1621714791246049533
1,1,1621714791247016363
1,1,1621714791247546392
1,1,1621714791247831018
1,1,1621714791248615649
1,1,1621714791248720198
1,1,1621714791248844824
1,1,1621714791248998020
1,1,1621714791249086567
1,1,1621714795910871150
1,1,1621714795910990429
1,1,1621714795911076874
1,1,1621714795911720414
1,1,1621714795912622784
1,1,1621714795912740159
1,1,1621714795912824605
1,1,1621714795912905151
1,1,1621714795913487157
1,1,1621714797544803185
1,1,1621714797545607284
1,1,1621714797546483873
1,1,1621714797546600699
1,1,1621714797546699019
1,1,1621714797546803445
1,1,1621714797546894818
1,1,1621714797546976003
1,1,1621714797547057971
1,1,1621714797555384302
1,1,1621714797555537645
1,1,1621714797555627242
1,1,1621714797555717411
1,1,1621714797555813596
1,1,1621714797556306248
1,1,1621714797556829376
1,1,1621714797557001404
1,1,1621714797557120933
1,1,1621714797576110894
1,1,1621714797576818044
1,1,1621714797577118552
1,1,1621714797577619475
1,1,1621714797577731715
1,1,1621714797578253554
1,1,1621714797578468183
1,1,1621714797578559233
1,1,1621714797578644702
1,1,1621714797578733208
1,1,1621714797579201929
1,1,1621714797579315894
1,1,1621714797579417334
1,1,1621714797579549770
1,1,1621714797579725273
1,1,1621714797580266856
1,1,1621714797580401101
1,1,1621714797580569744
1,1,1621714797580694232
1,1,1621714797606134701
1,1,1621714797606957517
1,1,1621714797607078314
1,1,1621714797607172280
1,1,1621714797607258260
1,1,1621714797607345412
1,1,1621714797607843536
1,1,1621714798667666729
1,1,1621714798668487890
1,1,1621714798668779458
1,1,1621714798668884498
1,1,1621714798668971107
1,1,1621714798669304929
1,1,1621714798669451127
1,1,1621714798669531364
1,1,1621714800472907244
1,1,1621714800473859518
1,1,1621714800474104229
1,1,1621714800474193604
1,1,1621714800474294269
1,1,1621714800474400075
1,1,1621714800474494359
1,1,1621714800474589243
1,1,1621714800475026948
1,1,1621714800483393970
1,1,1621714800484380441
1,1,1621714800485152701
1,1,1621714800485283880
1,1,1621714800485451501
1,1,1621714800485990188
1,1,1621714800486144131
1,1,1621714800486377517
1,1,1621714800486492268
1,1,1621714800504538473
1,1,1621714800505098067
1,1,1621714800505273297
1,1,1621714800505415936
1,1,1621714800505529997
1,1,1621714800506024885
1,1,1621714800506118784
1,1,1621714800506202807
1,1,1621714800506678939
1,1,1621714800506893531
1,1,1621714800507016695
1,1,1621714800507262268
1,1,1621714800507364858
1,1,1621714800507445757
1,1,1621714800507525455
1,1,1621714800508004938
1,1,1621714800508160795
1,1,1621714800508266955
1,1,1621714800508399995
1,1,1621714800535108161
1,1,1621714800535884990
1,1,1621714800536004527
1,2,1621714800536533901
1,2,1621714800537052572
1,2,1621714800537161158
1,2,1621714800537254320
1,2,1621714800537366311
1,2,1621714800537468200
1,2,1621714800538324269
1,2,1621714800538529327
1,2,1621714800539074992
1,2,1621714800539357462
1,2,1621714800539483078
1,2,1621714800540180923
1,2,1621714800540319646
1,2,1621714800540421779
1,2,1621714800540687546
1,2,1621714800540776481
1,2,1621714800540883787
1,2,1621714800541566788
1,2,1621714800541685146
1,2,1621714800542115968
1,2,1621714800542311064
1,2,1621714800542404100
1,2,1621714800542510675
1,2,1621714800542579582
1,2,1621714800542659564
1,2,1621714800542738345
1,2,1621714800542814663
1,2,1621714800543260496
1,2,1621714800543381129
1,2,1621714800543493170
1,2,1621714800544002088
1,2,1621714800544098678
1,2,1621714800544226345
1,2,1621714800544301397
1,1,1621714800544805123
1,1,1621714800544990747
1,1,1621714800545103514
1,1,1621714800545231558
1,1,1621714800545404631
1,1,1621714800546098039
1,1,1621714800546215648
1,1,1621714800546313790
1,1,1621714800546407755
1,1,1621714800547018899
1,1,1621714800547188918
1,1,1621714800547308802
1,1,1621714800547487558
1,1,1621714800547587800
1,1,1621714800547668414
1,1,1621714800547749662
1,1,1621714800547837034
1,1,1621714800548269615
1,1,1621714800548422197
1,1,1621714800548531134
1,1,1621714800548635488
1,1,1621714800567259701
1,1,1621714800568017621
1,1,1621714800568651614
1,1,1621714800568895652
1,1,1621714800568994878
1,1,1621714800569077242
1,1,1621714800569535384
1,1,1621714800569708720
1,1,1621714800569839776
1,1,1621714800570004503
1,1,1621714800570107297
1,1,1621714800570197512
1,1,1621714800570969318
1,1,1621714803311303902
1,1,1621714803312102015
1,1,1621714803312740146
1,1,1621714803312905937
1,1,1621714803313002851
1,1,1621714803313780661
1,1,1621714803313941470
1,1,1621714803314034741
1,1,1621714803314113138
1,1,1621714803321814587
1,1,1621714803322021084
1,1,1621714803322110545
1,1,1621714803322775959
1,1,1621714803322876374
1,1,1621714803322978262
1,1,1621714803323054164
1,1,1621714803323160736
1,1,1621714803323246107
1,1,1621714803342749322
1,1,1621714803343493226
1,1,1621714803344448049
1,1,1621714803344934478
1,1,1621714803345104940
1,1,1621714803345253138
1,1,1621714803345377724
1,1,1621714803345479289
1,1,1621714803345894543
1,1,1621714803346012544
1,1,1621714803372704774
1,1,1621714803373561892
1,1,1621714803374008089
1,1,1621714803374186608
1,1,1621714803374291853
1,1,1621714803374397664
1,1,1621714803374568260
1,2,1621714803374660734
1,2,1621714803374750071
1,2,1621714803374819333
1,2,1621714803374890818
1,2,1621714803375438345
1,2,1621714803375556358
1,2,1621714803375674650
1,2,1621714803375763470
1,2,1621714803375860202
1,2,1621714803376036588
1,2,1621714803376124299
1,2,1621714803376207982
1,2,1621714803376278878
1,1,1621714803376351747
1,1,1621714803376967690
1,1,1621714803377522937
1,1,1621714803377654013
1,1,1621714803377800985
1,1,1621714803377938827
1,1,1621714803378037820
1,1,1621714803378154231
1,1,1621714803378259112
1,1,1621714803378395002
1,1,1621714803405490765
1,1,1621714803406749351
1,1,1621714803407843166
1,1,1621714803408266218
1,1,1621714803409035058
1,1,1621714803409194557
1,1,1621714803409344129
1,1,1621714803409534593
1,1,1621714803409634069
1,1,1621714803409719531
1,1,1621714803409855238
1,1,1621714803410018274
1,1,1621714803424150645
1,1,1621714803424280110
1,1,1621714803424377278
1,1,1621714803425109670
1,1,1621714803425238055
1,1,1621714803425340292
1,1,1621714803425737593
1,1,1621714803425931374
1,1,1621714803426027714
1,1,1621714803426099033
1,1,1621714803426174105
1,1,1621714803427073520
1,1,1621714803427280193
1,1,1621714803427820396
1,1,1621714803427919053
1,1,1621714803428020148
1,1,1621714803428109184
1,1,1621714803428431840
1,1,1621714803428562452
1,1,1621714803428680335
1,1,1621714803428826648
1,1,1621714803429057191
1,1,1621714803429148435
1,1,1621714803429227734
1,1,1621714803429301455
1,1,1621714803429834283
1,1,1621714803429984348
1,1,1621714803430083904
1,1,1621714803430181383
1,1,1621714803430290201
1,1,1621714803430398631
1,1,1621714803430503149
1,1,1621714803430612460
1,1,1621714803430703822
1,1,1621714803430801395
1,1,1621714803430923503
1,1,1621714803431017562
1,1,1621714803431110914
1,1,1621714803431247283
1,1,1621714803436923673
1,1,1621714803437905598
1,1,1621714803438643117
1,1,1621714803439505262
1,1,1621714803440136493
1,1,1621714803440352200
1,1,1621714803440488044
1,1,1621714803440610483
1,1,1621714803441142224
1,1,1621714803441344660
1,1,1621714803441459929
1,1,1621714803441545748
1,1,1621714803441627096
1,1,1621714803474957424
1,1,1621714803475665257
1,1,1621714804391764605
1,1,1621714804392982076
1,1,1621714804393176090
1,1,1621714804393255432
1,1,1621714804393335722
1,1,1621714804393410173
1,1,1621714804394392923
1,1,1621714804394518560
1,1,1621714804394632854
1,1,1621714804402420207
1,1,1621714804402954638
1,1,1621714804403181985
1,1,1621714804403625051
1,1,1621714804403723977
1,1,1621714804404317182
1,1,1621714804404537256
1,1,1621714804404648468
1,1,1621714804404741250
1,1,1621714804423679323
1,1,1621714804424610354
1,1,1621714804425187696
1,1,1621714804425364747
1,1,1621714804425480807
1,1,1621714804425658355
1,1,1621714804425809894
1,1,1621714804425904883
1,1,1621714804425997583
1,1,1621714804426534068
1,1,1621714804453384637
1,1,1621714804453555229
1,1,1621714804453684464
1,1,1621714804454403408
1,1,1621714804454609262
1,1,1621714804454695344
1,1,1621714804455091444
1,1,1621714804455219556
1,1,1621714804455313476
1,1,1621714804455432209
1,1,1621714804455555668
1,1,1621714804455714374
1,2,1621714804455813849
1,2,1621714804455912737
1,2,1621714804456546535
1,2,1621714804456660796
1,2,1621714804456839987
1,2,1621714804457419079
1,2,1621714804457949545
1,2,1621714804458124297
1,2,1621714804458208115
1,2,1621714804458293115
1,1,1621714804458914984
1,1,1621714804459102212
1,1,1621714804459210000
1,1,1621714804459319784
1,1,1621714804459536797
1,1,1621714804459649234
1,1,1621714804459747955
1,1,1621714804459859079
1,1,1621714804486483841
1,1,1621714804717920481
1,1,1621714804718075135
1,1,1621714804718163091
1,1,1621714804719430973
1,1,1621714804719554153
1,1,1621714804719657374
1,1,1621714804719831887
1,1,1621714804719928885
1,1,1621714804720317882
1,1,1621714804728527850
1,1,1621714804728644907
1,1,1621714804728799497
1,1,1621714804728899720
1,1,1621714804730058832
1,1,1621714804730183328
1,1,1621714804730312128
1,1,1621714804730414808
1,1,1621714804730497851
1,1,1621714804730586998
1,1,1621714804730668989
1,1,1621714804731076213
1,1,1621714804748800408
1,1,1621714804749524587
1,1,1621714804749663438
1,1,1621714804750166473
1,1,1621714804750501822
1,1,1621714804750602960
1,1,1621714804750748330
1,1,1621714804750868307
1,1,1621714804751312018
1,1,1621714804751449538
1,1,1621714804779388064
1,1,1621714804779606802
1,1,1621714804779698775
1,1,1621714804780390963
1,1,1621714804780719220
1,1,1621714804781315882
1,1,1621714804781413590
1,1,1621714804781541138
1,2,1621714804781635360
1,2,1621714804781812869
1,2,1621714804781967777
1,2,1621714804782062687
1,2,1621714804782687731
1,2,1621714804783351329
1,2,1621714804783570912
1,2,1621714804783685050
1,2,1621714804783768481
1,2,1621714804783845134
1,2,1621714804784210761
1,2,1621714804784329694
1,2,1621714804784528297
1,2,1621714804784705930
1,2,1621714804785336726
1,2,1621714804785493609
1,2,1621714804785663602
1,2,1621714804785825768
1,2,1621714804785925006
1,2,1621714804786020329
1,2,1621714804786453620
1,2,1621714804786603943
1,2,1621714804786728640
1,2,1621714804786825577
1,2,1621714804786975628
1,2,1621714804787091768
1,2,1621714804787187483
1,1,1621714804787754084
1,1,1621714804812442622
1,1,1621714804812635022
1,1,1621714804813489093
1,1,1621714804814091520
1,1,1621714804814462565
1,1,1621714804815260696
1,1,1621714804816074528
1,1,1621714804816647733
1,1,1621714804816847515
1,1,1621714812466355923
1,1,1621714812467313532
1,1,1621714812467902053
1,1,1621714812468391513
1,1,1621714812468508798
1,1,1621714812468638599
1,1,1621714812468731732
1,1,1621714812468807753
1,1,1621714812468894094
1,1,1621714812476818938
1,1,1621714812477531684
1,1,1621714812478246959
1,1,1621714812478442068
1,1,1621714812478619305
1,1,1621714812478707112
1,1,1621714812478795594
1,1,1621714812478891006
1,1,1621714812479322502
1,1,1621714812497908967
1,1,1621714812498699177
1,1,1621714812498970908
1,1,1621714812499195158
1,1,1621714812499583454
1,1,1621714812500195590
1,1,1621714812500416540
1,1,1621714812500535056
1,1,1621714812500797948
1,1,1621714812500895781
1,1,1621714812527597763
1,1,1621714812528259931
1,1,1621714812528518425
1,1,1621714812529031338
1,1,1621714812529161117
1,1,1621714812529283776
1,1,1621714812529479730
1,1,1621714812529590332
1,1,1621714812529678350
1,1,1621714812529766860
1,1,1621714812530576324
1,1,1621714812530737792
1,1,1621714812530850191
1,1,1621714812530943407
1,1,1621714812531141998
1,1,1621714812531682635
1,1,1621714812531794033
1,1,1621714812531859708
1,1,1621714815289880620
1,1,1621714815290096923
1,1,1621714815290196362
1,1,1621714815290280127
1,1,1621714815291024917
1,1,1621714815291197553
1,1,1621714815291330092
1,1,1621714815291432477
1,1,1621714815291541676
1,1,1621714815300510681
1,1,1621714815301347351
1,1,1621714815301651256
1,1,1621714815302152801
1,1,1621714815302285845
1,1,1621714815302383906
1,1,1621714815302475438
1,1,1621714815302633158
1,1,1621714815302757408
1,1,1621714815320779596
1,1,1621714815321533107
1,1,1621714815321669369
1,1,1621714815321840542
1,1,1621714815321935964
1,1,1621714815322047034
1,1,1621714821560838636
1,1,1621714821561008690
1,1,1621714821561107613
1,1,1621714821561210997
1,1,1621714821561299535
1,1,1621714821562005496
1,1,1621714821562226136
1,1,1621714821562322179
1,1,1621714821562416465
1,1,1621714821571349567
1,1,1621714821571513682
1,1,1621714821571609770
1,1,1621714821571695972
1,1,1621714821571765556
1,1,1621714821572353826
1,1,1621714821572451272
1,1,1621714821572544829
1,1,1621714821572655700
1,1,1621714821591803379
1,1,1621714821592498485
1,1,1621714821593032908
1,1,1621714821593145342
1,1,1621714821593230954
1,1,1621714821593315386
1,1,1621714821593400633
1,1,1621714821593492931
1,1,1621714821593847131
1,1,1621714821593961138
1,1,1621714821622243113
1,1,1621714821623112817
1,1,1621714821623222344
1,1,1621714821623824115
1,2,1621714821624032892
1,2,1621714821625124031
1,2,1621714821625289953
1,2,1621714821625380454
1,2,1621714821626161297
1,2,1621714821626753865
1,2,1621714821626889003
1,2,1621714821626961626
1,2,1621714821627031904
1,2,1621714821627848174
1,2,1621714821628512750
1,2,1621714821628612271
1,2,1621714821628706656
1,2,1621714821628781720
1,2,1621714821628875907
1,2,1621714821629390953
1,2,1621714821629559094
1,2,1621714821629672578
1,2,1621714821630351558
1,2,1621714821630476713
1,2,1621714821630572461
1,1,1621714821630671915
1,1,1621714821630754231
1,1,1621714821631368512
1,1,1621714821631542549
1,1,1621714821631660493
1,1,1621714821654831828
1,1,1621714821654997818
1,1,1621714821656067903
1,1,1621714821658392604
1,1,1621714821659466335
1,1,1621714825400565563
1,1,1621714825400799095
1,1,1621714825400902217
1,1,1621714825401689054
1,1,1621714825401872769
1,1,1621714825402089328
1,1,1621714825402189868
1,1,1621714825402277060
1,1,1621714825402358559
1,1,1621714825411169895
1,1,1621714825411985985
1,1,1621714825412164828
1,1,1621714825412271185
1,1,1621714825412370356
1,1,1621714825412485064
1,1,1621714825412610173
1,1,1621714825412743746
1,1,1621714825413369406
1,1,1621714825431420429
1,1,1621714825432362429
1,1,1621714825433098114
1,1,1621714825433309346
1,1,1621714825433400869
1,1,1621714825433495484
1,1,1621714825433910207
1,1,1621714825434033760
1,1,1621714825434158853
1,1,1621714825434264185
1,1,1621714825462564719
1,1,1621714825463639127
1,1,1621714825464204440
1,1,1621714825464389892
1,1,1621714825464706295
1,1,1621714825465391673
1,1,1621714825465497332
1,1,1621714825465597522
1,1,1621714825465708716
1,1,1621714825465958552
1,1,1621714825466082488
1,1,1621714825466207313
1,1,1621714825466295014
1,1,1621714825466719714
1,1,1621714830473077260
1,1,1621714830473945004
1,1,1621714830474124309
1,1,1621714830474234736
1,1,1621714830474334432
1,1,1621714830474445442
1,1,1621714830474603701
1,1,1621714830474718345
1,1,1621714830474800891
1,1,1621714830483637206
1,1,1621714830484235081
1,1,1621714830484374223
1,1,1621714830484549671
1,1,1621714830485188006
1,1,1621714830485335682
1,1,1621714830485467543
1,1,1621714830485564494
1,1,1621714830485784140
1,1,1621714830504547499
1,1,1621714830505237919
1,1,1621714830505470139
1,1,1621714830505575107
1,1,1621714830506141522
1,1,1621714830506260055
1,1,1621714830506373950
1,1,1621714830506556099
1,1,1621714830506700052
1,1,1621714830506787401
1,1,1621714830534377411
1,1,1621714830535120720
1,1,1621714830535229868
1,1,1621714830535920686
1,1,1621714830536053489
1,1,1621714830536136114
1,1,1621714830536218978
1,1,1621714830536316097
1,2,1621714830536430051
1,2,1621714830536531847
1,2,1621714830536611442
1,2,1621714830536696323
1,2,1621714830536789438
1,2,1621714830536900882
1,2,1621714830536993127
1,2,1621714830537083294
1,2,1621714830537175810
1,2,1621714830537309249
1,2,1621714830537483448
1,2,1621714830537571671
1,2,1621714830538221613
1,2,1621714830538453597
1,2,1621714830538552584
1,2,1621714830538627815
1,1,1621714830539076967
1,1,1621714830539260180
1,1,1621714830539395811
1,1,1621714830539520104
1,1,1621714830539751295
1,1,1621714830539908388
1,1,1621714830567223701
1,1,1621714830568055763
1,1,1621714830568187086
1,1,1621714830568306072
1,1,1621714830569188719
1,1,1621714830569379454
1,1,1621714830570326186
1,1,1621714830570460812
1,1,1621714830570557068
1,1,1621714830570649400
1,1,1621714830571217006
1,1,1621714830571349145
1,1,1621714830585718855
1,1,1621714830586426759
1,1,1621714830586645662
1,1,1621714830586748508
1,1,1621714830586847209
1,1,1621714830587028283
1,1,1621714830587148620
1,1,1621714830587244218
1,1,1621714830587317483
1,1,1621714830588053842
1,1,1621714830588587700
1,1,1621714830588732868
1,1,1621714830588843326
1,1,1621714830588956629
1,1,1621714830589131709
1,1,1621714830589209211
1,1,1621714830589311012
1,1,1621714830589404760
1,1,1621714830589955838
1,1,1621714830590130374
1,1,1621714830590262951
1,1,1621714830590388108
1,1,1621714830590627591
1,1,1621714830591185560
1,1,1621714830591312817
1,1,1621714830591401066
1,1,1621714830591490096
1,1,1621714830591595974
1,1,1621714830591780079
1,1,1621714830591855790
1,1,1621714830591925438
1,1,1621714830592010000
1,1,1621714830592573179
1,1,1621714830592809489
1,1,1621714830592904501
1,1,1621714830593002590
1,1,1621714830593153155
1,1,1621714830593268554
1,1,1621714830593349308
1,1,1621714830598348533
1,1,1621714830598956310
1,1,1621714830599222025
1,1,1621714830599320256
1,1,1621714830600105385
1,1,1621714830600291806
1,1,1621714830601041365
1,1,1621714830601186756
1,1,1621714830601740240
1,1,1621714830601937115
1,1,1621714830602030768
1,1,1621714830602108518
1,1,1621714830602630916
1,2,1621714830629607429
1,3,1621714830630340204
1,4,1621714830630550808
1,5,1621714830630747572
1,6,1621714830631319504
1,6,1621714830631474138
1,7,1621714830631987286
1,7,1621714830632084414
1,7,1621714830632229778
1,7,1621714830632350374
1,8,1621714830633163737
1,9,1621714830633559081
1,10,1621714830633948162
1,10,1621714830634080160
1,11,1621714830634210250
1,11,1621714830636980923
1,11,1621714830637188452
1,11,1621714830637336133
1,11,1621714830637442809
1,11,1621714830637516641
1,11,1621714830638097763
1,11,1621714830638214514
1,11,1621714830638311719
1,11,1621714830638387136
1,11,1621714830638760791
1,11,1621714830638872673
1,11,1621714830639054207
1,11,1621714830640038259
1,11,1621714830640185624
1,11,1621714830640263967
1,11,1621714830640346804
1,11,1621714830641026029
1,11,1621714830641186885
1,11,1621714830641308783
1,11,1621714830641446706
1,11,1621714830641552953
1,11,1621714830641658282
1,10,1621714830641743120
1,10,1621714830641824450
1,10,1621714830641910108
1,10,1621714830642000718
1,10,1621714830642090179
1,10,1621714830642168867
1,10,1621714830642250000
1,10,1621714830642369164
1,10,1621714830642461358
1,9,1621714830642554682
1,9,1621714830642642674
1,8,1621714830642722987
1,8,1621714830643005985
1,7,1621714830643096377
1,7,1621714830643175139
1,7,1621714830643252896
1,7,1621714830643323241
1,7,1621714830643468969
1,7,1621714830643892364
1,6,1621714830644103902
1,6,1621714830644216010
1,6,1621714830644289207
1,6,1621714830644416400
1,6,1621714830644548871
1,6,1621714830644666326
1,5,1621714830644788816
1,5,1621714830644934037
1,5,1621714830645030410
1,5,1621714830645105457
1,5,1621714830645185749
1,5,1621714830645256556
1,5,1621714830645325143
1,5,1621714830646034593
1,5,1621714830646264979
1,5,1621714830646709914
1,5,1621714830646887849
1,4,1621714830646967077
1,4,1621714830647038380
1,4,1621714830647113110
1,4,1621714830647184538
1,3,1621714830647271310
1,3,1621714830647345108
1,3,1621714830647414716
1,3,1621714830647489160
1,2,1621714830647948194
1,2,1621714830648042631
1,1,1621714830648333083
1,1,1621714830648440527
1,1,1621714830648527821
1,1,1621714830648612848
1,1,1621714830649107312
1,1,1621714830649245668
1,1,1621714830649350962
1,1,1621714830649614251
1,1,1621714830649765294
1,1,1621714830649873935
1,1,1621714830650863861
1,1,1621714830651316008
1,1,1621714830651474391
1,1,1621714830651588480
1,1,1621714830660423568
1,1,1621714830661171564
1,1,1621714830661372301
1,1,1621714830661504056
1,1,1621714830661974388
1,1,1621714830662208317
1,1,1621714830663183848
1,1,1621714830663750849
1,1,1621714830664029430
1,1,1621714830664631635
1,1,1621714830664875762
1,1,1621714830665769367
1,1,1621714830665933841
1,1,1621714830666028578
1,1,1621714830666111853
1,1,1621714830666194691
1,1,1621714830687819505
1,1,1621714830687977034
1,1,1621714830688053974
1,1,1621714833299698291
1,1,1621714833300618944
1,1,1621714833300734440
1,1,1621714833300854816
1,1,1621714833301552151
1,1,1621714833301847953
1,1,1621714835340221543
1,1,1621714835340341734
1,1,1621714835340462570
1,1,1621714835341118583
1,1,1621714835341472579
1,1,1621714835341585563
1,1,1621714835341690689
1,1,1621714835341781963
1,1,1621714835341873786
1,1,1621714835350931610
1,1,1621714835351145733
1,1,1621714835351228922
1,1,1621714835351312755
1,1,1621714835351386703
1,1,1621714835351460746
1,1,1621714835351851003
1,1,1621714835352991680
1,1,1621714835353094005
1,1,1621714835371024294
1,1,1621714835371264382
1,1,1621714835372042683
1,1,1621714835372222764
1,1,1621714835372367721
1,1,1621714835372568030
1,1,1621714835372688548
1,1,1621714835372815141
1,1,1621714835373365499
1,1,1621714835373531313
1,1,1621714835401846766
1,1,1621714835402035875
1,2,1621714835402117368
1,2,1621714835402649576
1,2,1621714835402851172
1,2,1621714835402971856
1,2,1621714835403086983
1,2,1621714835403880492
1,2,1621714835404033463
1,2,1621714835404144635
1,2,1621714835404260953
1,2,1621714835404479837
1,2,1621714835404570505
1,2,1621714835404647132
1,2,1621714835405323827
1,2,1621714835405479338
1,2,1621714835405612112
1,2,1621714835405709126
1,2,1621714835405836337
1,2,1621714835405976751
1,2,1621714835406155245
1,2,1621714835406267283
1,2,1621714835406343956
1,2,1621714835407058272
1,2,1621714835407190506
1,2,1621714835407904836
1,2,1621714835408038750
1,2,1621714835408127236
1,1,1621714835408255320
1,1,1621714835408417707
1,1,1621714835432906812
1,1,1621714835433883955
1,1,1621714835433993093
1,1,1621714835434082352
1,1,1621714835435365944
1,1,1621714835436223997
1,1,1621714835436926766
1,1,1621714838125588191
1,1,1621714838126643107
1,1,1621714838126761095
1,1,1621714838126892208
1,1,1621714838127474991
1,1,1621714838127589130
1,1,1621714838127719385
1,1,1621714838127847878
1,1,1621714838127961627
1,1,1621714838136110946
1,1,1621714838136990696
1,1,1621714838137624610
1,1,1621714838137756161
1,1,1621714838137860646
1,1,1621714838137942246
1,1,1621714838138032737
1,1,1621714838138417872
1,1,1621714838138613243
1,1,1621714838157341308
1,1,1621714838158234319
1,1,1621714838158734904
1,1,1621714838158891411
1,1,1621714838159026883
1,1,1621714838159117988
1,1,1621714838159334981
1,1,1621714838159437064
1,1,1621714838159580393
1,1,1621714838160081217
1,1,1621714838187665939
1,1,1621714838188718556
1,1,1621714838188926123
1,1,1621714838189085761
1,1,1621714838189181588
1,1,1621714838189255964
1,1,1621714838189332669
1,2,1621714838189951733
1,2,1621714838190094908
1,2,1621714838190213005
1,2,1621714838190416898
1,2,1621714838190858582
1,2,1621714838190983640
1,2,1621714838191106129
1,2,1621714838191196565
1,2,1621714838191382351
1,2,1621714838191523918
1,2,1621714838191612809
1,2,1621714838191700966
1,2,1621714838191796293
1,2,1621714838192665749
1,2,1621714838192797300
1,2,1621714838192896082
1,2,1621714838193043170
1,2,1621714838193171516
1,1,1621714838193254780
1,1,1621714838193328655
1,1,1621714838193410781
1,1,1621714838193995486
1,1,1621714838194108959
1,1,1621714838220817734
1,1,1621714838221599205
1,1,1621714838221762345
1,1,1621714838221876765
1,1,1621714838222431476
1,1,1621714838223355528
1,1,1621714838224089298
1,1,1621714838224262428
1,1,1621714838224354920
1,1,1621714838224963815
1,1,1621714838225170129
1,1,1621714838225279813
1,1,1621714838239324322
1,1,1621714838240136764
1,1,1621714838240817111
1,1,1621714838240955672
1,1,1621714838241065883
1,1,1621714838241187092
1,1,1621714838241951834
1,1,1621714838242149106
1,1,1621714838242614876
1,1,1621714838242776529
1,1,1621714838242872641
1,1,1621714838242984397
1,1,1621714838243062144
1,1,1621714838243467135
1,1,1621714838243567679
1,1,1621714838243772619
1,1,1621714838243857204
1,1,1621714838243934112
1,1,1621714838244507265
1,1,1621714838244631110
1,1,1621714838244758778
1,1,1621714838244865676
1,1,1621714838244966069
1,1,1621714838245178250
1,1,1621714838245271474
1,1,1621714839360173056
1,1,1621714839360795743
1,1,1621714839361013152
1,1,1621714839361150093
1,1,1621714839361258628
1,1,1621714839361518863
1,1,1621714839361619580
1,1,1621714839361723970
1,1,1621714839361815258
1,1,1621714839370681739
1,1,1621714839370809060
1,1,1621714839370899764
1,1,1621714839371525313
1,1,1621714839372721039
1,1,1621714839372860002
1,1,1621714839372967679
1,1,1621714839373110201
1,1,1621714839373207741
1,1,1621714839391469096
1,1,1621714839391691416
1,1,1621714839391805190
1,1,1621714839391940930
1,1,1621714839392129205
1,1,1621714839392308397
1,1,1621714839392410545
1,1,1621714839392486175
1,1,1621714839392977666
1,1,1621714839394341139
1,1,1621714839421571056
1,1,1621714839422308159
1,1,1621714839422470877
1,1,1621714839422603213
1,1,1621714839422697133
1,1,1621714839422835330
1,1,1621714839422928919
1,1,1621714839423026584
1,1,1621714839423425088
1,1,1621714839423597009
1,1,1621714839423680653
1,1,1621714839423902140
1,1,1621714839424566143
1,1,1621714840506370322
1,1,1621714840506588845
1,1,1621714840506682494
1,1,1621714840506771573
1,1,1621714840507501220
1,1,1621714840507678710
1,1,1621714840507945860
1,1,1621714840508065731
1,1,1621714840508180051
1,1,1621714840516923052
1,1,1621714840517676141
1,1,1621714840517853644
1,1,1621714840517939867
1,1,1621714840518030662
1,1,1621714840518144093
1,1,1621714840518240314
1,1,1621714840518331320
1,1,1621714840518412023
1,1,1621714840537338811
1,1,1621714840537546191
1,1,1621714840537651510
1,1,1621714840537760953
1,1,1621714840537863214
1,1,1621714840538783713
1,1,1621714840539001050
1,1,1621714840539114266
1,1,1621714840539214166
1,1,1621714840539421182
1,2,1621714840568188906
1,2,1621714840568325413
1,2,1621714840568966657
1,2,1621714840569186174
1,2,1621714840569728026
1,2,1621714840569850750
1,2,1621714840570362557
1,2,1621714840570598757
1,2,1621714840570710855
1,2,1621714840570872555
1,2,1621714840571660730
1,2,1621714840571799317
1,2,1621714840572441132
1,2,1621714840572544673
1,2,1621714840572686935
1,2,1621714840572792261
1,2,1621714840572898163
1,2,1621714840573325460
1,2,1621714840573446919
1,2,1621714840573562723
1,2,1621714840573641686
1,2,1621714840573714253
1,2,1621714840574417844
1,2,1621714840574708650
1,2,1621714840575489236
1,2,1621714840575595870
1,2,1621714840575771082
1,2,1621714840575864241
1,2,1621714840575959492
1,1,1621714840576077431
1,1,1621714840598932273
1,1,1621714840599895211
1,1,1621714840600927373
1,1,1621714840601059032
1,1,1621714840601966878
1,1,1621714840602210276
1,1,1621714840602343762
1,1,1621714840604159058
1,1,1621714840604364490
1,1,1621714840605340059
1,1,1621714840606263302
1,1,1621714840607029634
1,1,1621714840619543367
1,1,1621714840620163237
1,1,1621714840620314123
1,1,1621714840620416879
1,1,1621714840620958904
1,1,1621714840621174326
1,1,1621714840621265214
1,1,1621714840621481301
1,1,1621714840622585942
1,1,1621714840623186755
1,1,1621714840623332075
1,1,1621714840623806894
1,1,1621714840623901701
1,1,1621714840623978450
1,1,1621714840624055574
1,1,1621714840624800675
1,1,1621714840624897453
1,1,1621714840625043630
1,1,1621714840625129299
1,1,1621714840625417368
1,1,1621714840625530555
1,1,1621714840625605529
1,1,1621714840625679606
1,1,1621714840625759419
1,1,1621714840625826144
1,1,1621714840625898600
1,1,1621714840626491742
1,1,1621714840626585673
1,1,1621714840626687482
1,1,1621714840626853145
1,1,1621714840626996327
1,1,1621714840627090195
1,1,1621714840627168284
1,1,1621714840627250831
1,1,1621714840627807675
1,1,1621714840627965772
1,1,1621714840628083971
1,1,1621714840628242538
1,1,1621714840628342222
1,1,1621714840630251156
1,1,1621714840630591687
1,1,1621714840631691088
1,1,1621714840632465603
1,1,1621714840632709357
1,1,1621714840632810357
1,1,1621714840632917079
1,1,1621714840633550875
1,1,1621714840635022924
1,1,1621714840635154236
1,1,1621714840636256153
1,1,1621714840637501194
1,1,1621714840638229760
1,2,1621714840661290388
1,3,1621714840661721162
1,4,1621714840663024686
1,4,1621714840663154410
1,4,1621714840663263955
1,4,1621714840663359496
1,4,1621714840663438463
1,4,1621714840663582810
1,4,1621714840663686010
1,5,1621714840664316754
1,6,1621714840666040940
1,6,1621714840666225302
1,7,1621714840667212031
1,8,1621714840669286712
1,9,1621714840669732219
1,9,1621714840670966786
1,9,1621714840671099436
1,9,1621714840671176807
1,9,1621714840671256404
1,8,1621714840671370922
1,8,1621714840671459105
1,8,1621714840671557093
1,8,1621714840671846166
1,7,1621714840672154084
1,7,1621714840672644456
1,7,1621714840672751957
1,7,1621714840672845541
1,7,1621714840672944314
1,7,1621714840673146886
1,7,1621714840673303955
1,7,1621714840673383968
1,6,1621714840673478485
1,6,1621714840674106010
1,6,1621714840674234539
1,6,1621714840674344986
1,6,1621714840674447664
1,6,1621714840674565024
1,5,1621714840675153812
1,5,1621714840675280358
1,5,1621714840675366711
1,5,1621714840675457691
1,5,1621714840675533730
1,5,1621714840675605248
1,5,1621714840676140777
1,5,1621714840676325795
1,5,1621714840676429733
1,5,1621714840676535127
1,5,1621714840676709921
1,5,1621714840676830058
1,5,1621714840676910592
1,5,1621714840676984344
1,5,1621714840677290138
1,4,1621714840677414062
1,4,1621714840677525954
1,4,1621714840677635134
1,4,1621714840677734739
1,4,1621714840677960185
1,4,1621714840678053147
1,4,1621714840678732479
1,4,1621714840678947399
1,4,1621714840679045751
1,4,1621714840679130926
1,4,1621714840679223367
1,4,1621714840679515109
1,4,1621714840679648892
1,4,1621714840679754292
1,3,1621714840679875101
1,3,1621714840679969707
1,3,1621714840680163904
1,3,1621714840680676172
1,3,1621714840680855889
1,3,1621714840680988396
1,3,1621714840681107490
1,3,1621714840681670271
1,3,1621714840681792299
1,3,1621714840681896890
1,3,1621714840682012364
1,3,1621714840682219223
1,3,1621714840682343267
1,3,1621714840682442872
1,3,1621714840682527357
1,3,1621714840682613250
1,3,1621714840682701092
1,3,1621714840683111865
1,3,1621714840683243612
1,3,1621714840683354831
1,3,1621714840683553785
1,3,1621714840683641208
1,3,1621714840683719198
1,3,1621714840683788655
1,3,1621714840684447946
1,2,1621714840684602453
1,2,1621714840684688536
1,2,1621714840684780784
1,2,1621714840684915046
1,2,1621714840685420512
1,1,1621714840685549308
1,1,1621714840692202758
1,1,1621714840692541031
1,1,1621714840693744576
1,1,1621714840693915310
1,1,1621714840694116259
1,1,1621714840694684619
1,1,1621714840695563611
1,1,1621714840695685054
1,1,1621714840695779159
1,1,1621714840695857995
1,1,1621714840695940008
1,1,1621714840697115529
1,1,1621714840697253105
1,1,1621714840698266328
1,1,1621714840700140916
1,1,1621714840700526542
1,1,1621714840721824662
1,1,1621714840721963321
1,1,1621714840722045621
1,1,1621714840722124963
1,1,1621714840722197522
1,1,1621714840722274497
1,1,1621714840722981002
1,1,1621714840723069731
1,1,1621714840723172123
1,1,1621714840723263729
1,1,1621714840723365091
1,1,1621714840723574033
1,1,1621714840723662696
1,1,1621714840723768358
1,2,1621714840724828059
1,2,1621714840724955527
1,2,1621714840725043219
1,2,1621714840725141748
1,2,1621714840725230840
1,2,1621714840725302995
1,2,1621714840725386187
1,2,1621714840726048639
1,2,1621714840726182188
1,2,1621714840726274898
1,2,1621714840726374594
1,2,1621714840726605946
1,2,1621714840726683638
1,2,1621714840726753437
1,2,1621714840727295666
1,2,1621714840727436024
1,2,1621714840727567255
1,2,1621714840727661638
1,2,1621714840727744976
1,2,1621714840727838807
1,2,1621714840727924822
1,2,1621714840728016545
1,2,1621714840728112258
1,2,1621714840728196693
1,2,1621714840728281659
1,2,1621714840728372301
1,2,1621714840728484248
1,2,1621714840728576913
1,2,1621714840728672580
1,2,1621714840728770166
1,2,1621714840728845308
1,2,1621714840728945955
1,2,1621714840729021616
1,2,1621714840729116339
1,2,1621714840729221374
1,2,1621714840729295354
1,2,1621714840729474819
1,2,1621714840729556816
1,2,1621714840729645110
1,2,1621714840730024917
1,2,1621714840730164848
1,2,1621714840730293569
1,2,1621714840730445572
1,2,1621714840730529040
1,2,1621714840730606392
1,2,1621714840730715578
1,2,1621714840730798015
1,2,1621714840730873790
1,2,1621714840730942343
1,2,1621714840731017472
1,2,1621714840731456148
1,2,1621714840731607737
1,2,1621714840731782253
1,2,1621714840732391805
1,2,1621714840732556588
1,2,1621714840732649813
1,2,1621714840732836013
1,2,1621714840733041020
1,2,1621714840733134211
1,2,1621714840733227953
1,2,1621714840733343861
1,2,1621714840734463280
1,2,1621714840734587495
1,2,1621714840734674428
1,2,1621714840734750206
1,2,1621714840734819329
1,2,1621714840734887841
1,2,1621714840735480651
1,2,1621714840735651513
1,2,1621714840735740101
1,2,1621714840735840075
1,2,1621714840735943605
1,2,1621714840736220171
1,2,1621714840736306667
1,2,1621714840736401727
1,2,1621714840736486167
1,2,1621714840737067740
1,2,1621714840737183338
1,2,1621714840737345836
1,2,1621714840737486702
1,2,1621714840737593631
1,2,1621714840737808092
1,2,1621714840737930147
1,2,1621714840738005215
1,2,1621714840738074851
1,2,1621714840738734086
1,2,1621714840738862251
1,2,1621714840738961097
1,2,1621714840739043889
1,2,1621714840739142843
1,2,1621714840739276322
1,2,1621714840739451950
1,2,1621714840739528502
1,2,1621714840739617639
1,2,1621714840739711456
1,2,1621714840739796110
1,2,1621714840739869250
1,2,1621714840740257983
1,2,1621714840740382806
1,2,1621714840740487981
1,2,1621714840740595761
1,2,1621714840740728381
1,2,1621714840740822846
1,2,1621714840740920854
1,2,1621714840741011241
1,2,1621714840741156203
1,2,1621714840741278301
1,2,1621714840741365752
1,2,1621714840741457534
1,2,1621714840741536963
1,2,1621714840741611550
1,2,1621714840741706796
1,2,1621714840741788638
1,2,1621714840741863806
1,2,1621714840741938598
1,2,1621714840742543615
1,2,1621714840742774029
1,1,1621714840742876944
1,1,1621714840742978795
1,1,1621714842270511082
1,1,1621714842271247094
1,1,1621714842271447527
1,1,1621714842271557766
1,1,1621714842271667617
1,1,1621714842271846515
1,1,1621714842272089115
1,1,1621714842272184986
1,1,1621714842272292482
1,1,1621714842281116479
1,1,1621714842281776399
1,1,1621714842281979853
1,1,1621714842282087457
1,1,1621714842282189678
1,1,1621714842282459627
1,1,1621714842282559260
1,1,1621714842282635705
1,1,1621714842282717000
1,1,1621714842301930354
1,1,1621714842302062163
1,1,1621714842302205008
1,1,1621714842303071697
1,1,1621714842303222882
1,1,1621714842303351706
1,1,1621714842303461560
1,1,1621714842303582998
1,1,1621714842303728527
1,1,1621714842303854861
1,1,1621714842332405837
1,1,1621714842333221568
1,1,1621714842333423083
1,1,1621714842333561369
1,1,1621714842333651352
1,1,1621714842333810155
1,1,1621714842333930312
1,1,1621714842334042630
1,1,1621714842334248950
1,1,1621714842334347206
1,1,1621714855859215254
1,1,1621714855860208744
1,1,1621714855860453804
1,1,1621714855860569412
1,1,1621714855860671729
1,1,1621714855860752707
1,1,1621714855860834536
1,1,1621714855861527664
1,1,1621714855861662513
1,1,1621714855869772310
1,1,1621714855870598633
1,1,1621714855870778904
1,1,1621714855870893958
1,1,1621714855870994838
1,1,1621714855871113288
1,1,1621714855871363351
1,1,1621714855871485206
1,1,1621714855871587121
1,1,1621714855890824683
1,1,1621714855891548137
1,1,1621714855891754868
1,1,1621714855891944702
1,1,1621714855892079270
1,1,1621714855892170600
1,1,1621714855892254404
1,1,1621714855892789361
1,1,1621714855892920287
1,1,1621714855893076665
1,1,1621714855921285777
1,1,1621714855921459523
1,1,1621714855921552219
1,1,1621714855921627983
1,1,1621714855921766839
1,1,1621714855922365846
1,1,1621714855922473642
1,1,1621714855922590269
1,1,1621714855922698095
1,2,1621714855922823375
1,2,1621714855923458263
1,2,1621714855923545200
1,2,1621714855923626440
1,2,1621714855923702579
1,2,1621714855923788087
1,2,1621714855923862156
1,2,1621714855924538410
1,2,1621714855924803442
1,2,1621714855924924706
1,2,1621714855925072911
1,2,1621714855925214874
1,2,1621714855925313470
1,2,1621714855926079322
1,2,1621714855926178107
1,2,1621714855926292287
1,2,1621714855926416684
1,1,1621714855926507832
1,1,1621714855926595535
1,1,1621714855926682179
1,1,1621714855926795443
1,1,1621714855953664974
1,1,1621714855954490818
1,1,1621714855954947238
1,1,1621714855955074020
1,1,1621714855955170519
1,1,1621714855956041964
1,1,1621714855956664107
1,1,1621714855956891475
1,1,1621714855957199954
1,1,1621714855957295006
1,1,1621714855957403707
1,1,1621714855958232673
1,1,1621714855972190694
1,1,1621714855972410198
1,1,1621714855972502154
1,1,1621714855972577990
1,1,1621714855972662748
1,1,1621714855972735512
1,1,1621714855973132962
1,1,1621714855973279800
1,1,1621714855973438785
1,1,1621714855973513389
1,1,1621714855973587129
1,1,1621714855973655852
1,1,1621714855974172404
1,1,1621714855974343351
1,1,1621714855974510107
1,1,1621714855974601294
1,1,1621714855974721855
1,1,1621714855974836290
1,1,1621714855974927064
1,1,1621714855975048950
1,1,1621714855975136214
1,1,1621714855975258393
1,1,1621714855975356725
1,1,1621714855975471834
1,1,1621714855975561546
1,1,1621714855975716594
1,1,1621714855975840353
1,1,1621714855975970745
1,1,1621714855976100999
1,1,1621714855976201231
1,1,1621714855976339442
1,1,1621714855976875945
1,1,1621714855976965370
1,1,1621714855977119731
1,1,1621714855977300918
1,1,1621714855977389563
1,1,1621714855977475589
1,1,1621714855977653839
1,1,1621714855977740177
1,1,1621714855985050612
1,1,1621714855985700444
1,1,1621714855986380557
1,1,1621714855986547367
1,1,1621714855986692696
1,1,1621714855986941245
1,1,1621714855987043716
1,1,1621714855987734253
1,1,1621714855987935694
1,1,1621714855988074386
1,1,1621714855988182848
1,1,1621714855988381150
1,1,1621714855989257098
1,2,1621714856016337355
1,3,1621714856017956349
1,3,1621714856018066389
1,3,1621714856018206337
1,4,1621714856018297718
1,4,1621714856018384999
1,4,1621714856018542348
1,5,1621714856018792085
1,5,1621714856018964709
1,6,1621714856020051732
1,6,1621714856020168463
1,6,1621714856020377506
1,6,1621714856020497161
1,6,1621714856020604362
1,6,1621714856020748876
1,6,1621714856023055335
1,6,1621714856023208462
1,6,1621714856023311179
1,6,1621714856023409513
1,6,1621714856023962232
1,6,1621714856024065474
1,6,1621714856024703173
1,6,1621714856024796307
1,6,1621714856024893921
1,6,1621714856025007271
1,6,1621714856025717928
1,6,1621714856025814177
1,6,1621714856025917504
1,6,1621714856026042079
1,6,1621714856026126678
1,6,1621714856026235813
1,6,1621714856026321743
1,6,1621714856026469852
1,6,1621714856026637535
1,6,1621714856026744229
1,6,1621714856026840360
1,6,1621714856026928961
1,6,1621714856027446751
1,6,1621714856027551995
1,6,1621714856027680210
1,6,1621714856027782597
1,6,1621714856027899621
1,6,1621714856028004519
1,6,1621714856028114339
1,6,1621714856028223623
1,6,1621714856028312123
1,6,1621714856028444112
1,6,1621714856028528745
1,6,1621714856028617311
1,6,1621714856028705066
1,6,1621714856028791875
1,6,1621714856028878038
1,6,1621714856028967432
1,6,1621714856029054949
1,6,1621714856029151885
1,6,1621714856029233728
1,5,1621714856029313781
1,5,1621714856029399521
1,5,1621714856029496909
1,5,1621714856029576511
1,5,1621714856029667263
1,5,1621714856029758922
1,5,1621714856029839585
1,5,1621714856029929913
1,5,1621714856030018176
1,5,1621714856030109449
1,5,1621714856030182498
1,5,1621714856030267463
1,5,1621714856030347156
1,5,1621714856030427254
1,5,1621714856030523085
1,5,1621714856030605161
1,5,1621714856030691638
1,5,1621714856030769587
1,5,1621714856030849624
1,5,1621714856030941613
1,5,1621714856031031199
1,4,1621714856031111715
1,4,1621714856031196489
1,3,1621714856031276287
1,3,1621714856031355393
1,3,1621714856031444020
1,3,1621714856031531533
1,2,1621714856031623149
1,2,1621714856031711957
1,2,1621714856031793885
1,2,1621714856031889944
1,2,1621714856031974214
1,2,1621714856032065961
1,2,1621714856032152680
1,2,1621714856032237832
1,2,1621714856032317174
1,2,1621714856032400598
1,2,1621714856032486964
1,2,1621714856032573032
1,2,1621714856032663411
1,1,1621714856032752519
1,1,1621714856047160354
1,1,1621714856048687831
1,1,1621714856048801107
1,1,1621714877607403240
1,1,1621714877607600483
1,1,1621714877607743511
1,1,1621714877607864966
1,1,1621714877607973488
1,1,1621714877608082090
1,1,1621714877608590625
1,1,1621714877608722348
1,1,1621714877608903023
1,1,1621714877617992445
1,1,1621714877618222741
1,1,1621714877618326240
1,1,1621714877618419696
1,1,1621714877618503370
1,1,1621714877619031119
1,1,1621714877619192247
1,1,1621714877619847028
1,1,1621714877619951114
1,1,1621714877638268733
1,1,1621714877638913421
1,1,1621714877639519653
1,1,1621714877639641615
1,1,1621714877639731189
1,1,1621714877639807815
1,1,1621714877639885586
1,1,1621714877640363699
1,1,1621714877640476501
1,1,1621714877640598907
1,1,1621714877669000243
1,1,1621714877669160885
1,1,1621714877669242301
1,1,1621714877669322285
1,1,1621714877669396648
1,2,1621714877669484602
1,2,1621714877670095332
1,2,1621714877670181553
1,2,1621714877670326102
1,2,1621714877670433082
1,2,1621714877670550151
1,2,1621714877670635914
1,2,1621714877670743253
1,2,1621714877670885536
1,2,1621714877670981429
1,2,1621714877671162920
1,2,1621714877671258868
1,2,1621714877671408136
1,2,1621714877671492447
1,2,1621714877671585367
1,2,1621714877671662086
1,2,1621714877672133126
1,2,1621714877672245625
1,2,1621714877672336203
1,2,1621714877672441053
1,1,1621714877672570624
1,1,1621714877672679882
1,1,1621714877672800430
1,1,1621714877672906600
1,1,1621714877673081683
1,1,1621714877700654815
1,1,1621714877701597950
1,1,1621714877702458605
1,1,1621714877702647485
1,1,1621714877702776765
1,1,1621714877702996395
1,1,1621714877703136132
1,1,1621714877703216116
1,1,1621714877703940352
1,1,1621714877904161133
1,1,1621714877904365655
1,1,1621714877904465546
1,1,1621714877904565554
1,1,1621714877905195991
1,1,1621714877905351347
1,1,1621714877905991023
1,1,1621714877906664417
1,1,1621714877906980576
1,1,1621714877907082669
1,1,1621714877907200257
1,1,1621714877907413106
1,1,1621714877914875101
1,1,1621714877915674557
1,1,1621714877915778736
1,1,1621714877915864297
1,1,1621714877915941570
1,1,1621714877916017218
1,1,1621714877916115887
1,1,1621714877916839470
1,1,1621714877916937455
1,1,1621714877917042913
1,1,1621714877917720486
1,1,1621714877917834692
1,1,1621714877917927503
1,1,1621714877918239852
1,1,1621714880611172278
1,1,1621714880611854116
1,1,1621714880611997114
1,1,1621714880612114403
1,1,1621714880612285473
1,1,1621714880612414957
1,1,1621714880612841649
1,1,1621714880612939058
1,1,1621714880613022064
1,1,1621714880621710503
1,1,1621714880621844520
1,1,1621714880621949073
1,1,1621714880622027549
1,1,1621714880622150624
1,1,1621714880622975023
1,1,1621714880623416177
1,1,1621714880623693733
1,1,1621714880623797877
1,1,1621714880642527738
1,1,1621714880643402303
1,1,1621714880643893916
1,1,1621714880644035095
1,1,1621714880644135862
1,1,1621714880644227937
1,1,1621714880644371382
1,1,1621714880644463233
1,1,1621714880644898030
1,1,1621714880645142888
1,1,1621714880672533656
1,1,1621714880673366710
1,1,1621714880673497824
1,1,1621714880673588747
1,1,1621714880673712503
1,1,1621714880673835717
1,1,1621714880673952701
1,1,1621714880674158747
1,1,1621714880674251850
1,1,1621714880674883638
1,1,1621714880675590112
1,1,1621714880675719980
1,1,1621714880675866275
1,1,1621714880676431330
1,1,1621714880676647224
1,1,1621714880676771419
1,1,1621714880676839552
1,1,1621714882176464701
1,1,1621714882177234260
1,1,1621714882177367546
1,1,1621714882177490953
1,1,1621714882177602157
1,1,1621714882177793930
1,1,1621714882178044203
1,1,1621714882178136970
1,1,1621714882178224828
1,1,1621714882187061002
1,1,1621714882187233389
1,1,1621714882187325243
1,1,1621714882188112288
1,1,1621714882188275621
1,1,1621714882188395898
1,1,1621714882188487544
1,1,1621714882188776667
1,1,1621714882188873927
1,1,1621714882207923748
1,1,1621714882208732347
1,1,1621714882208880936
1,1,1621714882209020600
1,1,1621714882209284238
1,1,1621714882209379557
1,1,1621714882209471585
1,1,1621714882209564623
1,1,1621714882210039072
1,1,1621714882210191609
1,1,1621714882237928448
1,1,1621714882238829655
1,1,1621714882239297146
1,1,1621714882239485575
1,1,1621714882239614998
1,1,1621714882239702214
1,1,1621714882239806041
1,1,1621714882240059884
1,1,1621714882240140053
1,1,1621714882240211697
1,1,1621714882240280261
1,2,1621714882240354765
1,2,1621714882241048768
1,2,1621714882241172227
1,2,1621714882241267360
1,2,1621714882241381643
1,2,1621714882241615320
1,2,1621714882241716971
1,2,1621714882241805437
1,2,1621714882241888985
1,2,1621714882242424281
1,2,1621714882242528534
1,2,1621714882242679213
1,2,1621714882242770630
1,1,1621714882242987290
1,1,1621714882243075475
1,1,1621714882243176405
1,1,1621714882243882662
1,1,1621714882244005515
1,1,1621714882244160047
1,1,1621714882271523320
1,1,1621714882272450223
1,1,1621714882272647291
1,1,1621714882272775644
1,1,1621714882273212886
1,1,1621714882273894298
1,1,1621714882274239645
1,1,1621714882274353872
1,1,1621714882274839976
1,1,1621714882274966408
1,1,1621714882275084165
1,1,1621714882275211163
1,1,1621714882289400494
1,1,1621714882289596594
1,1,1621714882289695000
1,1,1621714882290398974
1,1,1621714882290726154
1,1,1621714882290809189
1,1,1621714882290901655
1,1,1621714882290965390
1,1,1621714884408062383
1,1,1621714884408789484
1,1,1621714884408952500
1,1,1621714884409065937
1,1,1621714884409198955
1,1,1621714884409304734
1,1,1621714884409580016
1,1,1621714884409666224
1,1,1621714884409774886
1,1,1621714884418587223
1,1,1621714884418716043
1,1,1621714884418801988
1,1,1621714884418945358
1,1,1621714884419542004
1,1,1621714884420229257
1,1,1621714884420380365
1,1,1621714884420458660
1,1,1621714884420566631
1,1,1621714884439409546
1,1,1621714884440174776
1,1,1621714884440393834
1,1,1621714884440526336
1,1,1621714884440781512
1,1,1621714884440901333
1,1,1621714884440984174
1,1,1621714884441066108
1,1,1621714884441147716
1,1,1621714884441522330
1,1,1621714884469444160
1,1,1621714884470296088
1,1,1621714884470504777
1,1,1621714884470608957
1,1,1621714884470718133
1,1,1621714884470813752
1,1,1621714884470911358
1,1,1621714884471139302
1,1,1621714892120072710
1,1,1621714892120976941
1,1,1621714892121204150
1,1,1621714892121332579
1,1,1621714892121436352
1,1,1621714892121546042
1,1,1621714892121650878
1,1,1621714892121752467
1,1,1621714892122333363
1,1,1621714892130723254
1,1,1621714892131751312
1,1,1621714892132324686
1,1,1621714892132538781
1,1,1621714892132639663
1,1,1621714892132737249
1,1,1621714892132848293
1,1,1621714892132945834
1,1,1621714892133059356
1,1,1621714892151626068
1,1,1621714892151827522
1,1,1621714892152006103
1,1,1621714892152127330
1,1,1621714892152221424
1,1,1621714892152363942
1,1,1621714892153331207
1,1,1621714892153633330
1,1,1621714892153742208
1,1,1621714892153867054
1,1,1621714892182274330
1,1,1621714892183083413
1,2,1621714892183239611
1,2,1621714892183759375
1,2,1621714892183859458
1,2,1621714892183955546
1,2,1621714892184034986
1,2,1621714892184774157
1,2,1621714892184935063
1,2,1621714892185190353
1,2,1621714892185305375
1,2,1621714892185737729
1,2,1621714892185922671
1,2,1621714892186037951
1,2,1621714892186129950
1,2,1621714892186239688
1,2,1621714892186433736
1,2,1621714892186513499
1,2,1621714892186590042
1,2,1621714892186660765
1,2,1621714892187244559
1,2,1621714892187396207
1,2,1621714892187493260
1,2,1621714892187613634
1,2,1621714892187712283
1,2,1621714892187881807
1,2,1621714892187973993
1,2,1621714892188081410
1,2,1621714892188178037
1,1,1621714892188268263
1,1,1621714892214404889
1,1,1621714892214573386
1,1,1621714892214679836
1,1,1621714892215562392
1,1,1621714892216196967
1,1,1621714892216397246
1,1,1621714892217899485
1,1,1621714892218530408
1,1,1621714892218735418
1,1,1621714892218867986
1,1,1621714892218970439
1,1,1621714892219222162
1,1,1621714892233718334
1,1,1621714892234275111
1,1,1621714892234483971
1,1,1621714892234587868
1,1,1621714892234699892
1,1,1621714892234906967
1,1,1621714892234998639
1,1,1621714892235676753
1,1,1621714892236229967
1,1,1621714892236348603
1,1,1621714892236533813
1,1,1621714892236631650
1,1,1621714892237395846
1,1,1621714892237515265
1,1,1621714892237602449
1,1,1621714892237695857
1,1,1621714892237773111
1,1,1621714892237874113
1,1,1621714892238668582
1,1,1621714892238766309
1,1,1621714892238869397
1,1,1621714892238980590
1,1,1621714892239161718
1,1,1621714892239251539
1,1,1621714892239329566
1,1,1621714892239400243
1,1,1621714892240058858
1,1,1621714892240197812
1,1,1621714892240295490
1,1,1621714892240386825
1,1,1621714892240589816
1,1,1621714892240742448
1,1,1621714892240824803
1,1,1621714892240897825
1,1,1621714892240982206
1,1,1621714892241451735
1,1,1621714892241564136
1,1,1621714892241708103
1,1,1621714892241871231
1,1,1621714892245198141
1,1,1621714892245361888
1,1,1621714892245798732
1,1,1621714892246366579
1,1,1621714892247549629
1,1,1621714892248186015
1,1,1621714892249147594
1,1,1621714892249942082
1,1,1621714892250168934
1,1,1621714892250304614
1,1,1621714892250485850
1,1,1621714892250627415
1,1,1621714892250719515
1,2,1621714892276064939
1,2,1621714892276174659
1,3,1621714892276591366
1,4,1621714892277291277
1,5,1621714892278579984
1,6,1621714892279285136
1,6,1621714892284981332
1,6,1621714892285716305
1,6,1621714892285914591
1,6,1621714892286027559
1,6,1621714892286329056
1,6,1621714892286450326
1,6,1621714892286526200
1,6,1621714892286614597
1,6,1621714892287164301
1,6,1621714892287267304
1,6,1621714892287393964
1,6,1621714892287490704
1,6,1621714892287579589
1,6,1621714892287666754
1,5,1621714892287839038
1,5,1621714892287982040
1,4,1621714892288076095
1,4,1621714892288162086
1,4,1621714892288232106
1,4,1621714892288707978
1,3,1621714892289010819
1,3,1621714892289129674
1,3,1621714892289270218
1,3,1621714892289410684
1,3,1621714892289532154
1,3,1621714892289620382
1,3,1621714892289751007
1,3,1621714892290019544
1,3,1621714892290113888
1,2,1621714892290240495
1,2,1621714892290433078
1,2,1621714892290514989
1,2,1621714892290589237
1,2,1621714892290658413
1,2,1621714892290737094
1,2,1621714892290842423
1,2,1621714892290942053
1,1,1621714892291020153
1,1,1621714892291103365
1,1,1621714892291702073
1,1,1621714892291964052
1,1,1621714892292074258
1,1,1621714892292167503
1,1,1621714893212189139
1,1,1621714893212333796
1,1,1621714893212452300
1,1,1621714893212613805
1,1,1621714893213354657
1,1,1621714893213493270
1,1,1621714893214173749
1,1,1621714893214921704
1,1,1621714893215049809
1,1,1621714893222818060
1,1,1621714893222991169
1,1,1621714893223069384
1,1,1621714893223679411
1,1,1621714893223847459
1,1,1621714893223954675
1,1,1621714893224062302
1,1,1621714893224168750
1,1,1621714893224273211
1,1,1621714893243137114
1,1,1621714893243754395
1,1,1621714893243982181
1,1,1621714893244168475
1,1,1621714893244385972
1,1,1621714893244484326
1,1,1621714893245387618
1,1,1621714893246171351
1,1,1621714893246425896
1,1,1621714893246536001
1,1,1621714893273731549
1,1,1621714893273952960
1,1,1621714893274055622
1,1,1621714893274954382
1,1,1621714893275103807
1,1,1621714893275239326
1,2,1621714893275332023
1,2,1621714893275486505
1,2,1621714893276090223
1,2,1621714893276198298
1,2,1621714893276321936
1,2,1621714893276395315
1,2,1621714893276504263
1,2,1621714893276572685
1,2,1621714893277255966
1,2,1621714893277383559
1,2,1621714893277514964
1,2,1621714893277706195
1,2,1621714893277827044
1,2,1621714893277924659
1,2,1621714893278000282
1,2,1621714893278079345
1,2,1621714893278745351
1,2,1621714893278876891
1,1,1621714893278980190
1,1,1621714893279071845
1,1,1621714893279330380
1,1,1621714893279423197
1,1,1621714897212121770
